#Num	Event	Peptide	Chromosome	Location	NumOfNovel	NumOfKnown	spec_count	location_count	FDR	Sprob	Strand	GbrowserLink	GroupInfo	RelatedGene
1	alternative splice	GG:CQLLVYPGAFNLTTGPAHWELLQR	chr3	100058775-100058779;100067646-100067720	1	6	1	1	0.0	1.0	+	http://genome.ucsc.edu/cgi-bin/hgTracks?db=hg19&position=chr3:100058675-100067820&hgt.customText=http://bix.ucsd.edu/tmp/Locations_JHU_20140523_UCSC_SPEC.gff		NIT2;
2	novel splice	GFEVVYMTEPIDEYCVQQL:NA	chr6	44219791-44219845;44333425-44333434	1	8	3	1	0.0	1.0	+	http://genome.ucsc.edu/cgi-bin/hgTracks?db=hg19&position=chr6:44219691-44333534&hgt.customText=http://bix.ucsd.edu/tmp/Locations_JHU_20140523_UCSC_SPEC.gff		SPATS1;TCTE1;NFKBIE;HSP90AB1;SLC35B2;AARS2;TMEM151B;
3	novel splice	:GCLAFHDISPQAPTHFLVIPK	chr5	130498309-130498369;130500231-130500234	1	0	3	1	0.0	1.0	-	http://genome.ucsc.edu/cgi-bin/hgTracks?db=hg19&position=chr5:130498209-130500334&hgt.customText=http://bix.ucsd.edu/tmp/Locations_JHU_20140523_UCSC_SPEC.gff		HINT1;
4	novel splice	:LANPDPNCCLGVFGLSLYTTER	chr3	185641709-185641772;185642265-185642268	1	2	1	1	0.0	1.0	-	http://genome.ucsc.edu/cgi-bin/hgTracks?db=hg19&position=chr3:185641609-185642368&hgt.customText=http://bix.ucsd.edu/tmp/Locations_JHU_20140523_UCSC_SPEC.gff		TRA2B;
5	novel splice	GTPEQCPSVVSLLSESYNPHVR	chr2	231958951-231958953;232003449-232003513	1	3	1	1	0.0	1.0	+	http://genome.ucsc.edu/cgi-bin/hgTracks?db=hg19&position=chr2:231958851-232003613&hgt.customText=http://bix.ucsd.edu/tmp/Locations_JHU_20140523_UCSC_SPEC.gff		PSMD1;HTR2B;
6	novel splice	VLTG:LSPPSYTFPAPAAVIPTEAAIYQPSVILNPR	chr8	95689996-95690006;95690430-95690525	1	0	1	1	0.0	1.0	+	http://genome.ucsc.edu/cgi-bin/hgTracks?db=hg19&position=chr8:95689896-95690625&hgt.customText=http://bix.ucsd.edu/tmp/Locations_JHU_20140523_UCSC_SPEC.gff		ESRP1;
7	novel splice	LGPQDSDPTEANLESADPEL:CTPQ	chr14	105167753-105167812;105223448-105223461	1	0	1	1	0.0	1.0	+	http://genome.ucsc.edu/cgi-bin/hgTracks?db=hg19&position=chr14:105167653-105223561&hgt.customText=http://bix.ucsd.edu/tmp/Locations_JHU_20140523_UCSC_SPEC.gff		ADSSL1;INF2;SIVA1;
8	novel splice	TVDQYFYG:IK	chr19	12776334-12776339;12776516-12776541	1	1	1	1	0.0	1.0	-	http://genome.ucsc.edu/cgi-bin/hgTracks?db=hg19&position=chr19:12776234-12776641&hgt.customText=http://bix.ucsd.edu/tmp/Locations_JHU_20140523_UCSC_SPEC.gff		CTD;MAN2B1;
9	exon boundary	LEVDAIVNA:ANSSLLGGGGGEWTFCL	chr11	63782703-63782753;63918710-63918738	1	0	1	1	0.0	1.0	-	http://genome.ucsc.edu/cgi-bin/hgTracks?db=hg19&position=chr11:63782603-63918838&hgt.customText=http://bix.ucsd.edu/tmp/Locations_JHU_20140523_UCSC_SPEC.gff		FLRT1;MACROD1;
10	frame shift	AKNCS:EPFISVETGLWR	chr18	67863849-67863884;67864859-67864875	1	0	1	1	0.0005527916	0.9994472084	-	http://genome.ucsc.edu/cgi-bin/hgTracks?db=hg19&position=chr18:67863749-67864975&hgt.customText=http://bix.ucsd.edu/tmp/Locations_JHU_20140523_UCSC_SPEC.gff		RTTN;
11	transcript gene(non CDS)	VQV:SESGVHRPHVAGIHGR	chr19	4944456-4944462;4945872-4945923	1	0	1	1	0.0	1.0	+	http://genome.ucsc.edu/cgi-bin/hgTracks?db=hg19&position=chr19:4944156-4946223&hgt.customText=http://bix.ucsd.edu/tmp/Locations_JHU_20140523_UCSC_SPEC.gff		UHRF1NA;
12	transcript gene(non CDS)	:GGPVTVTDANLVLGR	chr8	145112572-145112616;145112758-145112759	1	0	1	1	0.0	1.0	-	http://genome.ucsc.edu/cgi-bin/hgTracks?db=hg19&position=chr8:145112272-145113059&hgt.customText=http://bix.ucsd.edu/tmp/Locations_JHU_20140523_UCSC_SPEC.gff		OPLAHNA;
13	transcript gene(non CDS)	ALYAIP:GLDYVSHEDILPYTSTDQVPIQHELFER	chr17	26679962-26680045;26680266-26680285	1	0	1	1	0.0	1.0	-	http://genome.ucsc.edu/cgi-bin/hgTracks?db=hg19&position=chr17:26679662-26680585&hgt.customText=http://bix.ucsd.edu/tmp/Locations_JHU_20140523_UCSC_SPEC.gff		POLDIP2NA;
14	transcript gene(non CDS)	LMA:DVVEEETRR	chr3	53346384-53346409;53353433-53353444	1	0	1	1	0.0	1.0	-	http://genome.ucsc.edu/cgi-bin/hgTracks?db=hg19&position=chr3:53346084-53353744&hgt.customText=http://bix.ucsd.edu/tmp/Locations_JHU_20140523_UCSC_SPEC.gff		DCP1ANA;
15	mutation	GSVVCQESDLPDELLYGR	chr7	M1;55467666-55467719	1	0	1	1	0.0	1.0	+	http://genome.ucsc.edu/cgi-bin/hgTracks?db=hg19&position=chr7:55467566-55467819&hgt.customText=http://bix.ucsd.edu/tmp/Locations_JHU_20140523_UCSC_SPEC.gff		LANCL2;
16	mutation	TTGIVMD:TGDGVTHTVP:NYEGYALPHAILR	chr7	5568182-5568219;M1;5568220-5568250;M1;5568251-5568272	1	8	4	1	0.0	1.0	-	http://genome.ucsc.edu/cgi-bin/hgTracks?db=hg19&position=chr7:5568082-5568372&hgt.customText=http://bix.ucsd.edu/tmp/Locations_JHU_20140523_UCSC_SPEC.gff		ACTB;
17	mutation	QIWTLEQPPDEAGSAAVCLRG:	chr7	5632696-5632756;M1;5632757-5632759	1	19	2	1	0.0	1.0	+	http://genome.ucsc.edu/cgi-bin/hgTracks?db=hg19&position=chr7:5632596-5632859&hgt.customText=http://bix.ucsd.edu/tmp/Locations_JHU_20140523_UCSC_SPEC.gff		FSCN1;
18	mutation	LIC:PESTVMLLEAQAATGGIIDPHR	chr6	7583609-7583615;M1;7583616-7583684	1	36	1	1	0.0	1.0	+	http://genome.ucsc.edu/cgi-bin/hgTracks?db=hg19&position=chr6:7583509-7583784&hgt.customText=http://bix.ucsd.edu/tmp/Locations_JHU_20140523_UCSC_SPEC.gff		DSP;
19	mutation	PGPALWPLPLS:VK	chr5	73981238-73981269;M1;73981270-73981277	1	0	1	1	0.0	1.0	+	http://genome.ucsc.edu/cgi-bin/hgTracks?db=hg19&position=chr5:73981138-73981377&hgt.customText=http://bix.ucsd.edu/tmp/Locations_JHU_20140523_UCSC_SPEC.gff		HEXB;
20	mutation	MQNL:QKPRKQLLLE	chr4	100266341-100266370;M1;100266371-100266383	1	0	2	1	0.0	1.0	-	http://genome.ucsc.edu/cgi-bin/hgTracks?db=hg19&position=chr4:100266241-100266483&hgt.customText=http://bix.ucsd.edu/tmp/Locations_JHU_20140523_UCSC_SPEC.gff		ADH1C;
21	mutation	:NTDSCDVNDCVQQVVELLQER	chr4	108603170-108603230;M1;108603231-108603233	1	0	1	1	0.0009847366	0.9990152634	-	http://genome.ucsc.edu/cgi-bin/hgTracks?db=hg19&position=chr4:108603070-108603333&hgt.customText=http://bix.ucsd.edu/tmp/Locations_JHU_20140523_UCSC_SPEC.gff		PAPSS1;
22	mutation	:GLVH:DLLPPEVCSLLNPAAIYANNEISLR	chr3	52563276-52563350;52567521-52567533;M1	1	5	1	1	0.0	1.0	-	http://genome.ucsc.edu/cgi-bin/hgTracks?db=hg19&position=chr3:52563176-52567633&hgt.customText=http://bix.ucsd.edu/tmp/Locations_JHU_20140523_UCSC_SPEC.gff		NT5DC2;
23	mutation	GATYN:IIVEALK	chr2	216235068-216235088;M1;216235089-216235104	1	1	1	1	0.0	1.0	-	http://genome.ucsc.edu/cgi-bin/hgTracks?db=hg19&position=chr2:216234968-216235204&hgt.customText=http://bix.ucsd.edu/tmp/Locations_JHU_20140523_UCSC_SPEC.gff		FN1;
24	mutation	:PTVDQVDDTSIVVR	chr2	216272858-216272899;M1	1	2	2	1	0.0	1.0	-	http://genome.ucsc.edu/cgi-bin/hgTracks?db=hg19&position=chr2:216272758-216272999&hgt.customText=http://bix.ucsd.edu/tmp/Locations_JHU_20140523_UCSC_SPEC.gff		FN1;
25	mutation	SA:LFAQINQGESITHA:LK	chr1	40533343-40533346;M1;40533347-40533389;40535361-40535369	1	11	2	1	0.0	1.0	+	http://genome.ucsc.edu/cgi-bin/hgTracks?db=hg19&position=chr1:40533243-40535469&hgt.customText=http://bix.ucsd.edu/tmp/Locations_JHU_20140523_UCSC_SPEC.gff		CAP1;
26	mutation	DREAAEGLGSHE:R	chr1	223900372-223900407;M1;223900408-223900411	1	0	2	1	0.0	1.0	+	http://genome.ucsc.edu/cgi-bin/hgTracks?db=hg19&position=chr1:223900272-223900511&hgt.customText=http://bix.ucsd.edu/tmp/Locations_JHU_20140523_UCSC_SPEC.gff		CAPN2;
27	mutation	FQGILPS:CGSEDLLWK	chr1	235972050-235972076;M1;235972077-235972098	1	0	1	1	0.00041511	0.99958489	-	http://genome.ucsc.edu/cgi-bin/hgTracks?db=hg19&position=chr1:235971950-235972198&hgt.customText=http://bix.ucsd.edu/tmp/Locations_JHU_20140523_UCSC_SPEC.gff		LYST;
28	mutation	HVIL:MNPNTDDLFK	chrX	114864211-114864221;M1;114864222-114864253	1	4	2	1	0.0	1.0	+	http://genome.ucsc.edu/cgi-bin/hgTracks?db=hg19&position=chrX:114864111-114864353&hgt.customText=http://bix.ucsd.edu/tmp/Locations_JHU_20140523_UCSC_SPEC.gff		PLS3;
29	mutation	GLESNVNVELLNALH:CHMINK	chr13	38162048-38162065;M1;38162066-38162111	1	1	3	1	0.0	1.0	-	http://genome.ucsc.edu/cgi-bin/hgTracks?db=hg19&position=chr13:38161948-38162211&hgt.customText=http://bix.ucsd.edu/tmp/Locations_JHU_20140523_UCSC_SPEC.gff		POSTN;
30	mutation	LNATEEMLQQEL:LSR	chr12	M1;27800746-27800775;27802942-27802957	1	4	1	1	0.0	1.0	+	http://genome.ucsc.edu/cgi-bin/hgTracks?db=hg19&position=chr12:27800646-27803057&hgt.customText=http://bix.ucsd.edu/tmp/Locations_JHU_20140523_UCSC_SPEC.gff		PPFIBP1;
31	mutation	WGDAGAEYVVESTGD:FTTMEK	chr12	6646107-6646150;M1;6646151-6646170	1	58	2	1	0.0	1.0	+	http://genome.ucsc.edu/cgi-bin/hgTracks?db=hg19&position=chr12:6646007-6646270&hgt.customText=http://bix.ucsd.edu/tmp/Locations_JHU_20140523_UCSC_SPEC.gff		GAPDH;
32	mutation	AALPSHVVTMLDNF:LTNLHPMSQLSAAVTALNSESNFAR	chr12	56676242-56676315;M1;56676316-56676359	1	3	1	1	0.0	1.0	-	http://genome.ucsc.edu/cgi-bin/hgTracks?db=hg19&position=chr12:56676142-56676459&hgt.customText=http://bix.ucsd.edu/tmp/Locations_JHU_20140523_UCSC_SPEC.gff		CS;
33	mutation	Q:SEMEGAVQSIQGELSK	chr17	40574830-40574877;M1;40574878-40574881	1	5	1	1	0.0	1.0	-	http://genome.ucsc.edu/cgi-bin/hgTracks?db=hg19&position=chr17:40574730-40574981&hgt.customText=http://bix.ucsd.edu/tmp/Locations_JHU_20140523_UCSC_SPEC.gff		PTRF;
34	mutation	KLCYVALDFEQ:GMATAASSSSLEK	chr17	79478301-79478338;M1;79478339-79478373	1	12	2	1	0.0	1.0	-	http://genome.ucsc.edu/cgi-bin/hgTracks?db=hg19&position=chr17:79478201-79478473&hgt.customText=http://bix.ucsd.edu/tmp/Locations_JHU_20140523_UCSC_SPEC.gff		ACTG1;
35	mutation	TVEDLDGLI:QQIYR	chr19	15508349-15508361;M1;15508362-15508391	1	1	2	1	0.0	1.0	-	http://genome.ucsc.edu/cgi-bin/hgTracks?db=hg19&position=chr19:15508249-15508491&hgt.customText=http://bix.ucsd.edu/tmp/Locations_JHU_20140523_UCSC_SPEC.gff		AKAP8L;
